id;name;last_name;image;image_content_type;about
1;EXE;Lesch;../fake-data/blob/hipster.png;image/png;EXE
2;Personal Loan Account mindshare;Conn;../fake-data/blob/hipster.png;image/png;calculate
3;Australia Intelligent portals;Buckridge;../fake-data/blob/hipster.png;image/png;protocol tangible Division
4;Handcrafted Factors;Becker;../fake-data/blob/hipster.png;image/png;Multi-tiered
5;Response context-sensitive;Jacobs;../fake-data/blob/hipster.png;image/png;reboot
6;Wooden;Kuhn;../fake-data/blob/hipster.png;image/png;empower
7;Awesome Checking Account;Lubowitz;../fake-data/blob/hipster.png;image/png;Central disintermediate copying
8;Mall Human Cambridgeshire;Davis;../fake-data/blob/hipster.png;image/png;Auto Loan Account
9;Tanzania;Champlin;../fake-data/blob/hipster.png;image/png;violet
10;Zimbabwe Dollar Metal content-based;Hessel;../fake-data/blob/hipster.png;image/png;Bedfordshire Computers
