id;i_sbn;name;type_of_book;description;publication_date
1;Handmade Cotton Table CSS;Mayotte Dynamic SAS;PDF;Developer compress transmit;2020-04-09T20:35:54
2;mobile intuitive high-level;Pass;Ebook;Sudan connect Overpass;2020-04-10T11:34:02
3;ADP Texas auxiliary;Pula redefine Paradigm;Ebook;connecting;2020-04-10T18:08:57
4;Soft;FTP Points;Paperback;Mouse bus HTTP;2020-04-09T23:29:03
5;mobile optical;methodologies Yen;Ebook;turn-key Australian Dollar;2020-04-10T17:35:53
6;Shoes transmitting grow;Practical Granite Chicken;Ebook;CSS Soft;2020-04-10T10:17:43
7;Czech Koruna;Soap Producer hard drive;Ebook;Books Developer;2020-04-09T23:58:28
8;Future-proofed;task-force Table green;PDF;world-class Nebraska salmon;2020-04-10T00:10:10
9;interface;Som;Ebook;Toys;2020-04-10T01:45:00
10;Antigua and Barbuda Station;interface calculate Zloty;PDF;USB Andorra;2020-04-10T07:20:55
